serial,fechaRecibido,EstimadoEntrega,Estado,Descripci贸n
TR01F6,30 de julio de 2024,El resultado del diagn贸stico determinar谩 el tiempo estimado para la entrega del equipo, En espera de revisi贸n,El equipo est谩 a la espera de ser revisado por el t茅cnico. Le notificaremos cuando se inicie el diagn贸stico.
TR28Y1,1 de agosto de 2024,11 de agosto de 2024, Interviniendo,Se est谩n realizando los ajustes necesarios. Como la limpieza interna del equipo y la migracic贸n de los datos a una nueva unidad SSD.
TR31G7,3 de agosto de 2024,El resultado del diagn贸stico determinar谩 el tiempo estimado para la entrega del equipo, En espera de revisi贸n,El t茅cnico a煤n no ha iniciado la revisi贸n del equipo. El sitio se actualizar谩 cuando el proceso haya iniciado.
TR60X8,9 de octubre de 2024,12 de octubre de 2024, Finalizado,La reparaci贸n ha sido completada con 茅xito. Su equipo est谩 listo para ser recogido.
TR40S0,12 de diciembre de 2024,Espera a que inicie el procedimiento para saber el tiempo estimado para recoger este equipo, En espera de revisi贸n,El t茅cnico a煤n no ha iniciado con la gesti贸n. Verifique su c贸digo m谩s tarde.
TR15N8,14 de noviembre de 2024,22 de noviembre de 2024, Finalizado,El proceso se complet贸 con 茅xito. Puede recoger su equipo cuando lo desee.
TR99D9,15 de noviembre de 2024,El resultado del diagn贸stico determinar谩 el tiempo estimado para la entrega del equipo, Diagnosticando,Estamos analizando el equipo para identificar el problema. Se est谩n realizando varias pruebas para asegurarnos de encontrar la mejor soluci贸n.
TR73R8,16 de noviembre de 2024,24 de noviembre de 2024, Finalizado,La reparaci贸n ha finalizado con 茅xito. El equipo ya est谩 disponible para ser recogido.
TR88I0,17 de noviembre de 2024,25 de noviembre de 2024, Interviniendo,Estamos trabajando en su equipo. Se est谩n realizando tareas de mantenimiento. Como la limpieza interna y la revisi贸n de componentes para asegurarnos de que todo funcione correctamente.
TR03X8,18 de noviembre de 2024,Espera a que inicie el procedimiento para saber el tiempo estimado para recoger este equipo, En espera de revisi贸n,El equipo est谩 esperando que el t茅cnico inicie el proceso de diagn贸stico.
TR69U5,19 de noviembre de 2024,Espera a que inicie el procedimiento para saber el tiempo estimado para recoger este equipo, En espera de revisi贸n,El proceso a煤n no ha comenzado. El t茅cnico se pondr谩 en contacto para confirmar el inicio de la revisi贸n.
TR20H6,20 de noviembre de 2024,Espera a que inicie el procedimiento para saber el tiempo estimado para recoger este equipo, En espera de revisi贸n,El equipo est谩 a la espera de que el t茅cnico comience con el diagn贸stico. Verifique m谩s tarde o consulte al soporte para obtener m谩s informaci贸n.
TR83K9,21 de noviembre de 2024,El resultado del diagn贸stico determinar谩 el tiempo estimado para la entrega del equipo, Diagnosticando,Estamos realizando pruebas y diagnosticando el equipo para determinar el problema y la mejor soluci贸n. Le mantendremos informado sobre el progreso.
TR00D9,22 de noviembre de 2024,El resultado del diagn贸stico determinar谩 el tiempo estimado para la entrega del equipo, Diagnosticando,Se est谩 evaluando el equipo a fondo para identificar posibles fallos. Las pruebas est谩n en curso y pronto tendremos una actualizaci贸n.
TR92Y5,23 de noviembre de 2024,29 de noviembre de 2024, Finalizado,La reparaci贸n se complet贸 con 茅xito. El equipo est谩 listo para ser entregado.
TR81A5,24 de noviembre de 2024,5 de diciembre de 2024, Finalizado,El proceso de reparaci贸n ha finalizado con 茅xito. Su equipo est谩 listo para ser entregado en el horario disponible.
